Data,SP500
Jan-2009,825.8800048828125
Feb-2009,735.0900268554688
Mar-2009,797.8699951171875
Apr-2009,872.8099975585938
May-2009,919.1400146484375
Jun-2009,919.3200073242188
Jul-2009,987.47998046875
Aug-2009,1020.6199951171875
Sep-2009,1057.0799560546875
Oct-2009,1036.18994140625
Nov-2009,1095.6300048828125
Dec-2009,1115.0999755859375
Jan-2010,1073.8699951171875
Feb-2010,1104.489990234375
Mar-2010,1169.4300537109375
Apr-2010,1186.68994140625
May-2010,1089.4100341796875
Jun-2010,1030.7099609375
Jul-2010,1101.5999755859375
Aug-2010,1049.3299560546875
Sep-2010,1141.199951171875
Oct-2010,1183.260009765625
Nov-2010,1180.550048828125
Dec-2010,1257.6400146484375
Jan-2011,1286.1199951171875
Feb-2011,1327.219970703125
Mar-2011,1325.8299560546875
Apr-2011,1363.6099853515625
May-2011,1345.199951171875
Jun-2011,1320.6400146484375
Jul-2011,1292.280029296875
Aug-2011,1218.8900146484375
Sep-2011,1131.4200439453125
Oct-2011,1253.300048828125
Nov-2011,1246.9599609375
Dec-2011,1257.5999755859375
Jan-2012,1312.4100341796875
Feb-2012,1365.6800537109375
Mar-2012,1408.469970703125
Apr-2012,1397.9100341796875
May-2012,1310.3299560546875
Jun-2012,1362.1600341796875
Jul-2012,1379.3199462890625
Aug-2012,1406.5799560546875
Sep-2012,1440.6700439453125
Oct-2012,1412.1600341796875
Nov-2012,1416.1800537109375
Dec-2012,1426.18994140625
Jan-2013,1498.1099853515625
Feb-2013,1514.6800537109375
Mar-2013,1569.18994140625
Apr-2013,1597.5699462890625
May-2013,1630.739990234375
Jun-2013,1606.280029296875
Jul-2013,1685.72998046875
Aug-2013,1632.969970703125
Sep-2013,1681.550048828125
Oct-2013,1756.5400390625
Nov-2013,1805.81005859375
Dec-2013,1848.3599853515625
Jan-2014,1782.5899658203125
Feb-2014,1859.449951171875
Mar-2014,1872.3399658203125
Apr-2014,1883.949951171875
May-2014,1923.5699462890625
Jun-2014,1960.22998046875
Jul-2014,1930.6700439453125
Aug-2014,2003.3699951171875
Sep-2014,1972.2900390625
Oct-2014,2018.050048828125
Nov-2014,2067.56005859375
Dec-2014,2058.89990234375
Jan-2015,1994.989990234375
Feb-2015,2104.5
Mar-2015,2067.889892578125
Apr-2015,2085.510009765625
May-2015,2107.389892578125
Jun-2015,2063.110107421875
Jul-2015,2103.840087890625
Aug-2015,1972.1800537109375
Sep-2015,1920.030029296875
Oct-2015,2079.360107421875
Nov-2015,2080.409912109375
Dec-2015,2043.93994140625
Jan-2016,1940.239990234375
Feb-2016,1932.22998046875
Mar-2016,2059.739990234375
Apr-2016,2065.300048828125
May-2016,2096.949951171875
Jun-2016,2098.860107421875
Jul-2016,2173.60009765625
Aug-2016,2170.949951171875
Sep-2016,2168.27001953125
Oct-2016,2126.14990234375
Nov-2016,2198.81005859375
Dec-2016,2238.830078125
Jan-2017,2278.8701171875
Feb-2017,2363.639892578125
Mar-2017,2362.719970703125
Apr-2017,2384.199951171875
May-2017,2411.800048828125
Jun-2017,2423.409912109375
Jul-2017,2470.300048828125
Aug-2017,2471.64990234375
Sep-2017,2519.360107421875
Oct-2017,2575.260009765625
Nov-2017,2647.580078125
Dec-2017,2673.610107421875
Jan-2018,2823.81005859375
Feb-2018,2713.830078125
Mar-2018,2640.8701171875
Apr-2018,2648.050048828125
May-2018,2705.27001953125
Jun-2018,2718.3701171875
Jul-2018,2816.2900390625
Aug-2018,2901.52001953125
Sep-2018,2913.97998046875
Oct-2018,2711.739990234375
Nov-2018,2760.169921875
Dec-2018,2506.85009765625
Jan-2019,2704.10009765625
Feb-2019,2784.489990234375
Mar-2019,2834.39990234375
Apr-2019,2945.830078125
May-2019,2752.06005859375
Jun-2019,2941.760009765625
Jul-2019,2980.3798828125
Aug-2019,2926.4599609375
Sep-2019,2976.739990234375
Oct-2019,3037.56005859375
Nov-2019,3140.97998046875
Dec-2019,3230.780029296875
Jan-2020,3225.52001953125
Feb-2020,2954.219970703125
Mar-2020,2584.590087890625
Apr-2020,2912.429931640625
May-2020,3044.31005859375
Jun-2020,3100.2900390625
Jul-2020,3271.1201171875
Aug-2020,3500.31005859375
Sep-2020,3363.0
Oct-2020,3269.9599609375
Nov-2020,3621.6298828125
Dec-2020,3756.070068359375
Jan-2021,3714.239990234375
Feb-2021,3811.14990234375
Mar-2021,3972.889892578125
Apr-2021,4181.169921875
May-2021,4204.10986328125
Jun-2021,4297.5
Jul-2021,4395.259765625
Aug-2021,4522.68017578125
Sep-2021,4307.5400390625
Oct-2021,4605.3798828125
Nov-2021,4567.0
Dec-2021,4766.18017578125
Jan-2022,4515.5498046875
Feb-2022,4373.93994140625
Mar-2022,4530.41015625
Apr-2022,4131.93017578125
May-2022,4132.14990234375
Jun-2022,3785.3798828125
Jul-2022,4130.2900390625
Aug-2022,3955.0
Sep-2022,3585.6201171875
Oct-2022,3871.97998046875
Nov-2022,4080.110107421875
Dec-2022,3839.5
Jan-2023,4076.60009765625
Feb-2023,3970.14990234375
Mar-2023,4109.31005859375
Apr-2023,4169.47998046875
May-2023,4179.830078125
Jun-2023,4450.3798828125
Jul-2023,4588.9599609375
Aug-2023,4507.66015625
Sep-2023,4288.0498046875
Oct-2023,4193.7998046875
Nov-2023,4567.7998046875
Dec-2023,4769.830078125
Jan-2024,4845.64990234375
Feb-2024,5096.27001953125
Mar-2024,5254.35009765625
Apr-2024,5035.68994140625
May-2024,5277.509765625
Jun-2024,5460.47998046875
Jul-2024,5522.2998046875
Aug-2024,5648.39990234375
Sep-2024,5762.47998046875
Oct-2024,5705.4501953125
Nov-2024,6032.3798828125
Dec-2024,5881.6298828125
Jan-2025,6040.52978515625
Feb-2025,5954.5
Mar-2025,5611.85009765625
Apr-2025,5569.06005859375
May-2025,5911.68994140625
Jun-2025,6204.9501953125
Jul-2025,6339.39013671875
Aug-2025,6460.259765625
Sep-2025,6688.4599609375
Oct-2025,6840.2001953125
Nov-2025,6849.08984375
Dec-2025,6845.5
