ticker,ann_return,ann_vol,sharpe,max_dd,alpha,beta,info_ratio,pct_positive,skewness
A,0.07921718112794984,0.2551851313953529,0.34850432241942414,-0.38857377689048517,-0.030139583723079122,1.4653394415971437,0.03749827221821542,0.5084745762711864,0.16541627171707926
AAPL,0.18794523786014383,0.2470077566865856,0.7441091135854724,-0.39542088082603916,0.1155901951714482,0.9064109806399027,0.45764096658345726,0.576271186440678,0.007900212092985331
ABT,0.18823921380040431,0.15610827427689997,1.064005025373012,-0.20654936887805805,0.09495405806450519,0.9202280094638468,0.7443807956675295,0.6610169491525424,-0.46181075886860756
ACGL,0.19195857813710826,0.14157020050533048,1.1798713065973838,-0.10454012338273651,0.1294191264198088,0.5482815353597961,0.6247221534130819,0.6440677966101694,-0.30360355915099657
ACN,0.18176246537200091,0.1897379913096044,0.8765632041578882,-0.12810321817672132,0.07465115265738853,1.1539639854352466,0.6291452754958828,0.6949152542372882,-0.24746924138022158
ADBE,0.23672664585440883,0.22267400062531503,0.9817457270039937,-0.3020502647761132,0.11687035626603692,1.319058928086567,0.8305702083721304,0.6610169491525424,0.3774508845811236
ADI,0.10637168161232835,0.19938328048600581,0.5082531614945525,-0.23511493079768794,0.00671439083851455,1.1605677784460455,0.13424736924203756,0.5932203389830508,0.15595680695040387
ADM,0.04754068337475159,0.2507722799368496,0.2334546747894298,-0.32553900790957546,-0.038049811909325215,1.1928252195485995,-0.10969891679886562,0.5932203389830508,-0.25727914480166036
ADP,0.18438624724329267,0.13451153793778461,1.1853761523654773,-0.13207840943601848,0.09217769003264986,0.8700079835028038,0.871154189033113,0.6440677966101694,0.39645799817034477
ADSK,0.08563739209849452,0.32800946970647715,0.35047950389931837,-0.38216982662633264,-0.05091307886795626,2.0490929674893574,0.1307339082631568,0.5084745762711864,0.4330607836315294
AEE,0.14181913318697403,0.14445951373487353,0.8578877934939381,-0.16600564260629885,0.10263440887652941,0.3167290603175493,0.26349413815635264,0.6271186440677966,-0.22325787437108302
AEP,0.15413891295894322,0.1445469859355477,0.9328653146484005,-0.15064987603148192,0.12514145850356262,0.20052839626661076,0.3125930331475684,0.6440677966101694,-0.39812424288223824
AES,-0.03903835891765772,0.22099342614490328,-0.15765360095045713,-0.35973304859530103,-0.12704627083376607,1.2295153722563439,-0.6842967434072297,0.4406779661016949,-0.13903142120946413
AFL,0.03499671323682407,0.23601454083926937,0.17729760167393246,-0.3980672907771984,-0.08147007690845076,1.5515225375986301,-0.2416041067780558,0.5254237288135594,0.7106556941915964
AIG,0.0971672209844412,0.23898542468137535,0.4267818676854104,-0.40771736068653,-0.007844880402529175,1.3472588776766323,0.11089394346999655,0.6101694915254238,-0.2450085746871902
AIZ,0.1801164185368873,0.1832360023556724,0.8944384820637428,-0.2091272929760325,0.10840974085930521,0.7421818976693485,0.5014442852742195,0.6440677966101694,-0.5891981015267939
AJG,0.10729251773942039,0.1589503289131157,0.5968624503969553,-0.1338481204856503,0.01194249358835009,1.0177153181779368,0.12624161408595358,0.6440677966101694,0.5971313533949257
AKAM,0.017529656357035295,0.37377923462223545,0.17343144988234585,-0.47684212734824727,-0.05986378523164504,1.5499487881993346,-0.050184466596753075,0.4745762711864407,0.7124391165111169
ALB,0.01601479980774312,0.3355910760662909,0.15360391680486016,-0.4261421310112295,-0.10621434140048935,2.002639742686431,-0.11210847246436809,0.559322033898305,0.45824692762403846
ALGN,0.26376918882039635,0.3670809229681991,0.7617260383188699,-0.38081632341657373,0.11104693338408222,2.1318293011133935,0.6594314292802704,0.6101694915254238,1.235276812287329
ALL,0.17748240263108617,0.17095951446720914,0.9330137031952911,-0.28909885900290755,0.07021283422426516,1.1215047490317327,0.7038975689912937,0.6610169491525424,-0.8041785292721487
AMAT,0.06187937158831258,0.2888120828216932,0.281638528582594,-0.4071726851669655,-0.06544085559188695,1.8250391693137138,-0.000959559131972612,0.5084745762711864,0.2662536366243928
AMCR,0.08391358886534483,0.15961756304808353,0.46326848939600146,-0.16071446532554776,0.02447950257935494,0.4532600624988644,-0.220293724376807,0.5581395348837209,-0.6260703252227597
AMD,-0.18464551321238798,0.4916211630928916,-0.19839156228414412,-0.8132464688940123,-0.23575678351064167,2.0643486032765286,-0.401446106458495,0.4745762711864407,0.08879426263650518
AME,0.15516140359834507,0.2102348684962288,0.6999621205272569,-0.2816800941781968,0.046379010075300764,1.247529877246229,0.425283075713045,0.6271186440677966,0.06330993929816953
AMGN,0.26806628529640153,0.202001744181673,1.1882185579664857,-0.21307276161841934,0.19418673548182785,0.7509342426691338,0.8599892852813729,0.6440677966101694,0.11433011077246222
AMP,0.1422154057843954,0.21683829021158763,0.6342304135403772,-0.37324381704425524,0.0039897792545189326,1.6375751907714258,0.44289003247641573,0.6101694915254238,-0.31454001322785613
AMT,0.15609834873493833,0.15384588118265682,0.8946727302239114,-0.16963469648570542,0.10240725588945465,0.487415899941346,0.3619853376062157,0.6101694915254238,0.5540739902578988
AMZN,0.32466060541516306,0.2742430128754336,1.096865756927647,-0.23736806656870751,0.2474018946056522,0.9527513474963489,0.874564457417685,0.6440677966101694,0.38639059579099516
AON,0.1661662050661128,0.1772777386511104,0.8481882504530658,-0.2026686360276833,0.06206140911860958,1.1036508402183904,0.5627492193845035,0.6271186440677966,0.1439140342502761
AOS,0.3122445986331739,0.23685832402446053,1.1946942920406143,-0.27258552713917616,0.1810776212708236,1.4149323090994124,1.1415641550409712,0.711864406779661,-0.3203059125650121
APA,-0.1735225757022535,0.3186478436644099,-0.49286879105377346,-0.6933184578689068,-0.24860490460610996,1.5376607678900887,-0.8817831690307388,0.4576271186440678,0.04375389498790128
APD,0.11437278034190634,0.1922103480935552,0.55608820406701,-0.19507384486431478,0.004581735469386672,1.2546263236860182,0.1981437003093875,0.559322033898305,0.6764134208147172
APH,0.14603545981667354,0.18800689290932557,0.7158358169423987,-0.2900656009175248,0.038768898339119895,1.1831565418941905,0.41034330386092205,0.6610169491525424,0.4007629895629174
APO,0.07446565302490527,0.3554426523561278,0.31933860112181095,-0.436712892966373,-0.025530393926103123,1.7728098902398697,0.11588920348522412,0.47368421052631576,0.542931719893103
APTV,0.42817918365570296,0.23900310164647245,1.5450137904038443,-0.2031248468078849,0.28518493230948816,1.0808279051195882,1.2375500912729274,0.6938775510204082,0.4538126268559372
ARE,0.06858662992440778,0.18257081162761388,0.3485872900255097,-0.2461275255859741,-0.00564497132623909,0.8498121265465324,-0.11611105080815273,0.6440677966101694,-0.5625487971553838
ATO,0.1848897802031173,0.15509651201609292,1.0505859486937847,-0.10016834320761168,0.13649640400491125,0.4206963666379051,0.502664121188303,0.6610169491525424,-0.09579101090473383
AVB,0.13325437956059494,0.1800152012250139,0.6786346353721402,-0.16188428391620988,0.08030845777383888,0.547752565074899,0.23030007665124788,0.6440677966101694,-0.25109154666160644
AVGO,0.4129620370867353,0.3150426399474363,1.2000698427402112,-0.23503742481298237,0.34916677124613793,0.917452358104532,1.0003812458728307,0.559322033898305,0.4507691460062128
AVY,0.11643091502153413,0.21843505256841375,0.5263643292890042,-0.4023857788818034,0.02662873803238508,1.0872855173641123,0.18778548270800816,0.5932203389830508,-0.426357774770198
AWK,0.2224439561162881,0.12562183175231803,1.5164425290804397,-0.12330177376574833,0.1860306679205599,0.22891099044455127,0.7156106401370733,0.7288135593220338,-0.039361757268399494
AXON,0.33414463059092014,0.4557397519265111,0.8143402910448692,-0.4809366495736323,0.4144160674945978,0.237317166030749,0.6247127321054521,0.5932203389830508,0.3407966052056481
AXP,0.11495696987738335,0.17307903356164714,0.6032474243238914,-0.25244489706831275,0.025562689832152152,0.9704754170451488,0.17473048103372082,0.5423728813559322,-0.08792644976808908
AZO,0.24407087527402793,0.13883684700139345,1.5134016230016687,-0.10533625454507074,0.19537483116451293,0.3718308803899996,0.8519501696638434,0.6779661016949152,-0.3115284617240016
BA,0.18841859389687032,0.19147011867541433,0.8987178643972552,-0.2323618869649921,0.09421774171880548,1.0018401300126367,0.5973757450406824,0.576271186440678,0.1096212499225625
BAC,0.04907781779967113,0.3373726643575996,0.2542160508096395,-0.6174931411119164,-0.050891914483497835,1.6908153305742222,0.0147853387461697,0.5423728813559322,-0.09699564115431528
BALL,0.166996150248792,0.17263345050656134,0.8712093716159497,-0.21333744289608372,0.06269214864876793,1.0967626987302572,0.5922111212981199,0.6271186440677966,-0.08307553144691257
BAX,0.10677798166446073,0.17253321860126783,0.5615785227035123,-0.1778496987699586,0.04279811391276667,0.6733370481213639,0.0969574995600252,0.6101694915254238,-0.05275782137570786
BBY,0.007370359926950565,0.418618177275972,0.1828700372411201,-0.6089502001884386,-0.04732576215886719,1.5320467404920641,-0.013028430576114745,0.4745762711864407,0.21975036930515976
BDX,0.1579884258943518,0.15757130133115865,0.8887721078605616,-0.15406422190885355,0.0627595542751207,0.9690035963652919,0.5333366117953442,0.6271186440677966,-0.0001546521544698216
BEN,0.003168269901181686,0.22950302609623202,0.046255670742394,-0.3450845997922791,-0.11854325662465948,1.669349438988281,-0.492311156196006,0.6101694915254238,-0.7255007974428019
BF-B,0.19696202123419937,0.16732147694870236,1.0475597749130625,-0.10325406043689712,0.11739734498458221,0.7818849205136705,0.657795228229985,0.6610169491525424,-0.3376631764274754
BG,0.016831410559431825,0.19224026124998023,0.07915259561386247,-0.27280340676574333,-0.048828149970604584,0.7991810448352136,-0.3909274018866321,0.5423728813559322,0.25170196250251975
BIIB,0.36869566067323944,0.3123303380366157,1.103731768330644,-0.32062336115455653,0.30857676601196204,0.8921298236588493,0.8930386720476415,0.576271186440678,0.5343840411436311
BK,0.07853755886240643,0.22910111562783927,0.36080796487977945,-0.38237953438129224,-0.03614768777995492,1.4644201766263734,0.006876095582741639,0.5932203389830508,-0.4167648375476561
BKNG,0.24827299591315133,0.3098734344803418,0.8106634083747498,-0.2515939478705242,0.12705121640600447,1.6063964706260194,0.6612406793265708,0.559322033898305,0.05150029229463427
BKR,-0.06648278743506142,0.29562723249463785,-0.14693174425356817,-0.46285956540955975,-0.14569659113545574,1.3857054586462096,-0.4970729640847271,0.5423728813559322,-0.21376273692183217
BLDR,0.38676888979552326,0.6391281478624903,0.7629054689165884,-0.5528168946096664,0.361945004888081,2.141897745893597,0.6733121983704475,0.559322033898305,1.6952343934790406
BLK,0.14811751104571091,0.21188111001971652,0.666468097729408,-0.26895302902544327,0.02616328294913206,1.414573252610082,0.42257095297181,0.6271186440677966,0.1519654382059691
BMY,0.2688050266800548,0.18505073051609175,1.2813905271090062,-0.10125411689116805,0.21751391724686475,0.47441849787896895,0.8322640497765303,0.6101694915254238,0.5917912727135796
BR,0.22136170080612483,0.18426157838605675,1.0785620878294526,-0.16336319126742335,0.11705103234948822,1.0733796049970175,0.8661717773542601,0.6101694915254238,-0.3253472890133242
BRK-B,0.10242580208543539,0.13229400487873474,0.6553963139538622,-0.18606780580778032,0.02029317697271127,0.8166624247476885,0.05477503540809242,0.559322033898305,0.3399054422856039
BRO,0.06801543770935514,0.20538148256565336,0.32524098316049954,-0.3228189356549592,-0.020198042998290644,1.069120923676537,-0.09035745319785216,0.559322033898305,0.651440273816941
BSX,0.21846003550961135,0.27303161486075617,0.7848485545330092,-0.31375166574694613,0.1437661041561351,0.9712839296576519,0.5344541101301387,0.5423728813559322,1.1460799668828976
BX,0.20353278506500283,0.28019548651543996,0.734997515735672,-0.35504952249221333,0.06844038550126985,1.7113602302730642,0.5834805588689908,0.6101694915254238,-0.11997521134886437
BXP,0.10195495840076463,0.16156815352026802,0.5617194232027932,-0.18863141403039094,0.04008493151418446,0.6301615138966707,0.06130753961437941,0.559322033898305,-0.29962691626295285
C,0.01593920175067276,0.3000240711623654,0.1383918209423253,-0.4522858601336268,-0.11126954729050231,1.9485695862456538,-0.17815446470483046,0.576271186440678,-0.11618347724974318
CAG,0.1735210907555207,0.16725485864709852,0.9278436060139771,-0.20347666338580034,0.13343329867053044,0.3590356127495468,0.41279943203968,0.6271186440677966,-0.22129027948049138
CAH,0.19307249587962216,0.15329588623460785,1.1070158358284405,-0.1408406816725485,0.132627970317313,0.5458287841107038,0.5909848538091206,0.6440677966101694,-0.27581458573889195
CASY,0.24916575850674927,0.17937213386342687,1.2289004727797765,-0.1661192683077599,0.20599627067571546,0.3881711513427997,0.7399644601941673,0.6271186440677966,0.22899186745839703
CAT,-0.046062894696662804,0.27491097636770134,-0.1090277318749931,-0.3805226453214151,-0.15097771921140046,1.6258386030060221,-0.5265894654362399,0.4915254237288136,0.7221460685716655
CB,0.16742968439529515,0.15325548010241033,0.9616205173826227,-0.10952649169833216,0.06437576004538847,1.0401410737743306,0.7038282192058865,0.6779661016949152,0.7674261882428395
CBOE,0.2563676185472894,0.23377049927338775,1.0112461061796925,-0.21557438815075206,0.20664080703084076,0.5773365946696343,0.675577032698809,0.6101694915254238,1.0360549364163099
CBRE,0.09442662690990122,0.3324226370061053,0.3788716974180716,-0.49606886935568323,-0.04075059039967144,2.0537009437120908,0.17012232526754617,0.5254237288135594,0.19419934184552048
CCI,0.17266989910967223,0.14498242883841111,1.040385768326623,-0.09844158310460742,0.12735029192281688,0.3723758649864207,0.44264239975599934,0.576271186440678,0.23911306165984775
CCL,0.07257974030053327,0.20647312311779964,0.3469569118189636,-0.27964207169093075,0.015093232045130911,0.6946415720858097,-0.051308670226376515,0.5423728813559322,0.05114583918651577
CDNS,0.19464195211806268,0.19955409315087486,0.8957791152143152,-0.14276271190179868,0.08850725761153866,1.1483710651937715,0.6534785110325008,0.6271186440677966,0.3961983502462867
CF,0.10250857318800444,0.35430843902575493,0.40234814588120216,-0.3577310171381655,0.010550517119289893,1.6193354909866362,0.1979431432066521,0.5932203389830508,-0.23933968543162454
CHD,0.22330729104204572,0.13912291302973223,1.3874916243855993,-0.11491260397297415,0.18004823428783312,0.32286363279278174,0.7167964619759585,0.6949152542372882,-0.26664258703045063
CHRW,-0.021503986343924364,0.18622774104842718,-0.1287081704478453,-0.3258275680537044,-0.053457022117890496,0.3782293710080124,-0.5412690970519355,0.5423728813559322,-0.25091626075724327
CHTR,0.349134983222096,0.24825109309549778,1.2601733093410508,-0.220563289835385,0.277952293499274,0.7977623903018473,0.9999306578615249,0.576271186440678,0.5062018456012143
CI,0.28975861077727005,0.2186574519701046,1.1924697220356852,-0.21608006403080207,0.23659274481288528,0.5701149897672618,0.8364238834445542,0.6610169491525424,0.05856471337197263
CIEN,-0.01268255250510586,0.4223905414138181,0.13561838014451624,-0.603399436967429,-0.11316643700272933,2.1678067849502765,-0.0665617321788091,0.4406779661016949,0.03783426787495365
CINF,0.18239923441951578,0.1571269683484363,1.0249680894085482,-0.1944588402810928,0.09655564411920237,0.8402435440193966,0.6405632658383786,0.6101694915254238,0.09701192934792909
CL,0.14409664816050793,0.11656651444436036,1.049316908103229,-0.10312663314165056,0.08317372494339259,0.5169062470235788,0.3558163542966477,0.6101694915254238,-0.2535917532336471
CLX,0.1889402406800602,0.1300206806357499,1.2519009951420892,-0.08471564265642628,0.13513111097221842,0.4335189020784389,0.5936553507782916,0.6610169491525424,0.3081736032495506
CMCSA,0.2241502666011519,0.19338051538813997,1.0474587978504073,-0.19825604836177033,0.11051034887317157,1.1928910609691832,0.8899924703165631,0.6779661016949152,0.0012325703769928576
CME,0.13665090369608568,0.20320553244971373,0.6334704157851987,-0.21409214910126398,0.057866967445199924,0.8870479298722043,0.2691140671301871,0.4915254237288136,0.9560190292591348
CMG,0.1730576021061614,0.3004595888030659,0.6211015762573592,-0.3910765283743789,0.1490394579430232,0.5748957354144227,0.35371384880240736,0.576271186440678,-0.31585551207728035
CMI,-0.017743710362009613,0.2800357032157432,0.0028387664429904242,-0.40650460063807453,-0.11857254008661744,1.5493239019575362,-0.36192788388112895,0.4576271186440678,0.4563321044166604
CMS,0.17793701754124713,0.14158557329567698,1.0952593053188941,-0.14218821537780216,0.15362604706379734,0.13867079980845512,0.42514707553493997,0.6610169491525424,-0.41159931347204515
CNC,0.3727740106106803,0.3340487391518313,1.067149843173569,-0.384112740543259,0.30750628943819946,1.0464911823465985,0.8842339650125809,0.6779661016949152,-0.17939315575803655
CNP,0.07115876068976257,0.1567548693097903,0.39141015517003314,-0.28833457278074814,0.036420015043977294,0.31305758286712543,-0.11722770952769489,0.5932203389830508,-0.011313627542837618
COF,0.09846465423397688,0.21143635067969946,0.4582340715167523,-0.27435653015539563,-0.010469675594060313,1.3170895857755411,0.10246695417991562,0.5932203389830508,-0.23380022668034184
COHR,-0.056392843988462116,0.3152228388717372,-0.0911718374009152,-0.5930855395604231,-0.10330133663708785,0.9785761953451464,-0.3754161283213829,0.4915254237288136,0.4561185747581834
COO,0.189414178592324,0.22734167877093436,0.7925040274473835,-0.28383771201888575,0.1784538500641244,0.18194324406647788,0.40139839375036845,0.5932203389830508,0.25716577560968173
COP,0.011482043072587933,0.21181499451630575,0.06724719946539144,-0.4175495959017826,-0.062166687383820696,0.9596131327722618,-0.374365298557158,0.5254237288135594,-0.1781590275189863
COR,0.25839142015304795,0.16833221790622666,1.3436611278350419,-0.16450640690168136,0.18696594865670169,0.6566722522184177,0.9324304477465147,0.6610169491525424,-0.08691158835602483
COST,0.21735686660541464,0.13480293929491927,1.3903462978557957,-0.10721597243724278,0.15318653787530478,0.5400906260781906,0.8101627722973461,0.6779661016949152,0.025562751225740876
CPAY,0.3737216271580657,0.26669361917577994,1.2618216518406764,-0.2999199838991495,0.26488562008736394,1.2167172354374631,1.122814789272122,0.6440677966101694,0.08990590101639412
CPB,0.12441153928781934,0.16547448322793037,0.6745103300149629,-0.1660693417326758,0.07536206834902859,0.4750068854496095,0.1794684792645674,0.6101694915254238,-0.053026001316258904
CPRT,0.14390726254080732,0.2081610884582298,0.6563649562799213,-0.1676595971939411,0.06415923181027594,0.9109005719286465,0.30734562077111455,0.6271186440677966,0.3313904552215515
CPT,0.10908768195536034,0.19325937034364582,0.5340788493028781,-0.18937266259704585,0.05783039851712979,0.5746693730580762,0.11530072800974737,0.6440677966101694,-0.6987614793995972
CRH,0.09604913408558713,0.2445422931696168,0.4169562739800457,-0.3684196832018173,-0.009234863560379503,1.3640555089669888,0.10726440103708876,0.5932203389830508,0.06251892024643373
CRL,0.16245714367852915,0.2650128816929475,0.6284694522985333,-0.3522161456908793,0.06354592002298687,1.284936629479122,0.38474982826649434,0.5932203389830508,-0.020415425642148273
CRM,0.19775841598102284,0.3001054366992825,0.6854827838832904,-0.3336396475620411,0.08748990455753258,1.4905250883556127,0.49457301529207587,0.559322033898305,0.3264603726370069
CSCO,0.07853611564922747,0.24915250189445118,0.3476193838180169,-0.23946134586197249,-0.0139528931967976,1.2342631621963205,0.0246840013299264,0.5932203389830508,0.30733966532137447
CSGP,0.3028914024383549,0.2712437152154411,1.0461013474388172,-0.28506764427454806,0.1975242807554518,1.25239052500122,0.8779644865333524,0.6610169491525424,0.060650111776377115
CSX,0.043646529909949994,0.21410726381141293,0.21422589258027702,-0.289721362696581,-0.058999766753437544,1.3062714578283083,-0.23110424643542377,0.5254237288135594,0.03057881359102171
CTAS,0.29227205208281903,0.14165996797688,1.759541615366371,-0.14804727759444775,0.20506501127705046,0.7512737601469127,1.4591414863313734,0.7288135593220338,-0.2572251008988296
CTSH,0.10660700159225822,0.2612002849184224,0.44427911285019983,-0.3151990531305681,0.0021321689185402892,1.3968960018024268,0.1649273045599552,0.4915254237288136,-0.09419481415344376
CVS,0.25565705677128303,0.1624660494170393,1.3730747436150965,-0.1605829499041075,0.16624575265102837,0.8375129164149515,1.0796373413871558,0.6271186440677966,-0.2787219804899123
CVX,0.025164887025383553,0.18616574925018406,0.1194699563116596,-0.3648682163345212,-0.06842605538560531,1.1393368883992863,-0.45208783723957197,0.5423728813559322,0.2464726419046026
D,0.13713669231655912,0.11627640102674207,0.9990551076778695,-0.11473137600823018,0.11021529286930254,0.13679806822663504,0.2261456028345228,0.711864406779661,-0.6012087544317369
DAL,0.3544254021070383,0.3192290587768228,1.0534420298336193,-0.3327400494646724,0.2897225446882352,0.9705284836984129,0.8535727951626977,0.576271186440678,0.3660474196793011
DD,0.11643642931470932,0.2623750706562117,0.4761567187347089,-0.4426873774425015,-0.006620890293966286,1.6134153372402982,0.2212261257197014,0.5423728813559322,0.20887577402423366
DE,-0.010885935479371778,0.21811007779784553,-0.03018758015489867,-0.33041001692312794,-0.09869134404287072,1.1879298845073316,-0.5193473937998992,0.4915254237288136,-0.24141055087805555
DECK,-0.08586316069922728,0.459972036204009,-0.0059704322547372525,-0.7515619437279197,-0.07886489188779111,0.970233776090874,-0.18908617562932614,0.4745762711864407,0.2245178524222551
DG,0.21597168071073214,0.20682578409856794,0.958802352917544,-0.18937315343959377,0.18082217873526107,0.3793743353331174,0.5439702434022611,0.6440677966101694,0.13206513552600582
DGX,0.06357972215913277,0.1825550862747342,0.321092691591094,-0.19182453136021319,0.007881287753810584,0.6224971775497373,-0.13243518348018804,0.5423728813559322,-0.04712705452089776
DHI,0.22523256306494877,0.27995754960220354,0.8000663975447481,-0.3155674318839036,0.12731267336126528,1.2697566197915104,0.5946728610768375,0.6271186440677966,-0.12512829212145837
DHR,0.15720034870790944,0.16949310471758544,0.8328322665565029,-0.24005174211636102,0.04480223919459547,1.1925509737966278,0.6012952638473542,0.6101694915254238,0.29003617192939735
DIS,0.24147625807637296,0.207583477240392,1.0595196580848718,-0.310470875700238,0.10965930086961029,1.415505221602675,1.0284573792247549,0.711864406779661,-0.31083149451873143
DLR,0.12508341536647105,0.20154985447536986,0.5905348187720424,-0.35751956854660594,0.0913581191471009,0.3835731610442402,0.17905366201884976,0.6440677966101694,-0.3169998981395171
DLTR,0.254872254621306,0.21003522280866946,1.102468115845063,-0.2589219424296942,0.22783189251536884,0.3009453032849363,0.673915307058831,0.6610169491525424,-0.5144653612259615
DOC,0.059590472498870506,0.1805660435968756,0.30161785467424057,-0.29470951956346764,0.031106733427179734,0.29172682102192093,-0.13843119499646975,0.5423728813559322,-0.01134038685440531
DOV,0.05108915824433158,0.23462391065316646,0.24586289841998046,-0.3539857407030408,-0.05524952339773703,1.4026548173828381,-0.13683574903691884,0.5254237288135594,-0.029667387526462377
DPZ,0.5110073470504035,0.2411875822386648,1.771555721040862,-0.18778065293271295,0.4424916861271937,0.6775674505485998,1.4971551788533422,0.7796610169491526,1.1373067080836081
DRI,0.1289297094207651,0.20734992806063324,0.5955950648244225,-0.1842916467480052,0.08614450663447926,0.49757875271248464,0.20214717946788222,0.6440677966101694,-0.10903165748032288
DTE,0.16474620447207133,0.1350411625145376,1.0573724619186775,-0.152310645290551,0.12689204214337546,0.2787120582524336,0.39305348536219187,0.6440677966101694,-0.5325034824005288
DUK,0.1104539592692182,0.1343937449033271,0.7030921050169432,-0.18807801695964135,0.09510709670215922,0.04039557086202551,0.07397907141684065,0.6440677966101694,-0.5198519884508432
DVA,0.13796897925199292,0.20504470537862945,0.6382994624541077,-0.2885685006892353,0.04270291946711868,1.0912514912275582,0.30647951337975216,0.5423728813559322,0.16934798093637696
DVN,-0.17513736687756365,0.3012010509336239,-0.5403930712742285,-0.6256807456910621,-0.2629328530456584,1.6979198665044324,-1.0142011680772403,0.4576271186440678,-0.5513366440549793
DXCM,0.4300143243926253,0.37913728176115546,1.0932493696314995,-0.5183182797891493,0.4729664877062141,0.2562389168184013,0.8585171082619751,0.6101694915254238,-0.2154549300242274
EA,0.3521698971566811,0.34824181188905323,0.9853542492757458,-0.5485455972471287,0.3282317079419561,0.685590164027957,0.7673754114675844,0.5932203389830508,0.5437912595194377
EBAY,0.16852935998535923,0.22164415462757087,0.7265688455515779,-0.14820502022647117,0.07802715904811786,1.0505483982630093,0.43045596332901603,0.5254237288135594,0.1682537870366106
ECL,0.19926156367291292,0.16024802960273646,1.098229961698264,-0.12989576526236274,0.12093804118539042,0.7514300233613429,0.6884480585535729,0.6101694915254238,-0.1423592421132088
ED,0.09915289124693549,0.1496940572087282,0.5761991222814224,-0.14717177574747795,0.09434433035926704,-0.05200947446199648,0.02430217864922424,0.6271186440677966,-0.09258329630575594
EFX,0.27928612432598077,0.15870986010735724,1.5209034970003616,-0.20092532134417096,0.1862386078892535,0.8506985292495807,1.2789458260419186,0.6949152542372882,0.0008437047459567406
EG,0.19496462899010214,0.12630632791653057,1.3260714190054885,-0.1186997612115431,0.12288282721322563,0.6257619195831737,0.7680375152423154,0.6779661016949152,0.03595330744583947
EIX,0.1380867991425736,0.17378800645467474,0.7216217556339916,-0.1727693837507312,0.10801487834636436,0.274675672824412,0.23004242766944266,0.576271186440678,-0.4253489821147313
EL,0.1861653978172293,0.2296005547451359,0.7746660039601804,-0.19847003418884115,0.09920297408283951,1.0166213145417158,0.490116027941967,0.5932203389830508,0.36993087289088
ELV,0.1995722873131629,0.22411544617424317,0.842948457204968,-0.31217252424026093,0.15648894886417652,0.5229335665303434,0.48209005292613255,0.5932203389830508,-0.5563545153848709
EME,0.10688003222063092,0.23930614105837783,0.46212570451811397,-0.3618960719934914,0.005172131399296953,1.2928344624636359,0.1538470127348411,0.6101694915254238,0.09669422032508386
EMR,-0.011840817956518701,0.20861929056693743,-0.047718503573931675,-0.3365107213848245,-0.10516214745957853,1.2341619585398265,-0.597078978218706,0.5084745762711864,0.08036956037256575
EOG,0.06633680506947992,0.29306796199859214,0.29824457158501666,-0.3989584069671746,-0.026498996336913327,1.400778060992507,0.02365390935642099,0.576271186440678,0.10483036485685869
EPAM,0.5647674275938366,0.41311223518852586,1.2450852419462513,-0.2575721694682659,0.5023768298133133,1.1006276047318524,1.0652380540794089,0.6304347826086957,0.9676946593047335
EQIX,0.311415421312375,0.22112968635610888,1.2587563591360544,-0.2570847799014894,0.22522155919571407,0.9012702818819942,1.010256053321724,0.6440677966101694,0.006153546742006953
EQR,0.12135048887229583,0.16990385184746562,0.6455937101696263,-0.156087612676426,0.07072406023302813,0.504711384324279,0.16599118365677573,0.6101694915254238,-0.18669357072454854
EQT,0.02374838532104695,0.2755435995706362,0.15080887472592097,-0.5205221199197096,-0.0371165848572611,0.9726376257829817,-0.1593103089050421,0.5254237288135594,0.09677291101524044
ERIE,0.11875947569841383,0.1632938396730562,0.6492148837537759,-0.18740424297854597,0.05916401602013299,0.5934451551640886,0.15753574218039937,0.576271186440678,0.38644551285575846
ES,0.13215438359735998,0.14717845190285184,0.7864779004486316,-0.16935011981873926,0.09110998662874104,0.3462881889027165,0.2127089899429245,0.6610169491525424,-0.25115656494068545
ESS,0.1940472633335406,0.19767932577558373,0.9018534740593832,-0.15670859516521474,0.13136306564714317,0.6648468743708797,0.5201785680203297,0.6949152542372882,-0.13160019349032306
ETN,0.023006336128903904,0.25837683339181067,0.13868263675191497,-0.350621129067597,-0.0951385671470868,1.6602316057904944,-0.24403387777299698,0.559322033898305,0.40059515158096004
ETR,0.03869094419776187,0.16348989456443805,0.19340207568087533,-0.2308588805811983,0.004165791489405324,0.33674675278020233,-0.28274415593002117,0.5423728813559322,-0.16269480962464603
EVRG,0.15871045840455222,0.15069395048414452,0.9274847970294009,-0.1829790998023778,0.1253919773820782,0.25814573495827875,0.34005635766935277,0.6949152542372882,-0.43926843324489573
EW,0.1362630044766504,0.28318647088391885,0.5287687461646715,-0.4058861768548606,0.10249480474780137,0.6347917231644151,0.24651904896467586,0.5932203389830508,-0.5206552504925206
EXC,-0.03908994678389366,0.1840959963592378,-0.22913056669922882,-0.3260759196820258,-0.055998305757601785,0.18770446991294945,-0.6007928914057524,0.4915254237288136,-0.6275513042905645
EXPD,-0.009539947325482467,0.20732417403925205,-0.03840311502914417,-0.33263081680396395,-0.07834788399913395,0.8994426130521096,-0.4997391621027225,0.4915254237288136,0.1268906188838218
EXPE,0.29384342820699993,0.3460312184952012,0.8740859871074813,-0.3740032689133809,0.29182079811789796,0.5353458136386374,0.6410030988021783,0.6949152542372882,-0.633297911587815
EXR,0.40657995853385653,0.202406665101451,1.7099652296937156,-0.13202744921302886,0.3294382332584038,0.710569995478043,1.4096658513488343,0.711864406779661,0.15186634495615775
F,-0.0015581912218689542,0.25373505537604635,0.04000184886358056,-0.3977750335258249,-0.09341235147041027,1.3221198343808103,-0.3486189466659597,0.4406779661016949,0.5294290626269286
FANG,0.5404432684031333,0.36737240176489266,1.3203979303975915,-0.3648646400957338,0.39916349854369093,1.4071192718168433,1.1221175335457498,0.6578947368421053,0.12455079623018975
FAST,0.09686405854641933,0.2253878973439107,0.43619932702713293,-0.2646736863788129,0.024312990330996653,0.9107123052068596,0.08425588583288837,0.5254237288135594,-0.056961103615817604
FCX,-0.3171378226028303,0.46975087735603077,-0.5939825624591634,-0.8499672240950493,-0.38426247062488106,2.4064362524827163,-0.8780407076764251,0.4406779661016949,0.04544961520314461
FDS,0.11566686471601506,0.18406100191089195,0.5810345158596367,-0.2077540206282233,0.04657868263150644,0.7520966879554689,0.154562635332428,0.576271186440678,0.00881254557822506
FDX,0.11362727191627875,0.21108339533894668,0.5221141572909124,-0.2903051951152106,0.009983621652178698,1.2295817628679098,0.1825627875582346,0.6101694915254238,0.29837524365688045
FE,0.009161260352476885,0.20086894352807008,0.04886376754427705,-0.329197701184173,0.0029795221691779616,0.08387271566755783,-0.31547173823668695,0.576271186440678,-0.36493088872025753
FFIV,-0.022391941223618095,0.39466224566156555,0.0802411384964751,-0.49021932699201204,-0.12581319082420384,2.0279638131420077,-0.1476962426325834,0.5084745762711864,0.9961287264889674
FICO,0.3079293774407226,0.29205490150147834,0.9992531683093702,-0.30833399373826575,0.18230880551918327,1.5106661805891455,0.8753273487653058,0.5932203389830508,0.8884443507285243
FIS,0.17027836874644842,0.19049915566382808,0.8229690445012087,-0.2698355210444047,0.08323203169849824,0.9388050321182492,0.48242622542295865,0.6610169491525424,-0.5781834516930131
FISV,0.2470818719311414,0.1575927400488187,1.365344828729192,-0.213112165231031,0.1400000170388498,1.0229677361652567,1.300063507580173,0.6949152542372882,0.22334552981521835
FITB,0.0903798032836689,0.20013921777036547,0.43558324746768884,-0.2964678104232915,-0.006591487039047883,1.150088319658294,0.03767619083151413,0.576271186440678,-0.22164060460131588
FIX,0.19612690670458077,0.3308122635286793,0.6443273768571499,-0.40248242012033586,0.08348446231509099,1.6272474297719117,0.4691892054139119,0.4915254237288136,0.5253343012764461
FRT,0.1620441515007045,0.1483078037353666,0.9594578512954184,-0.16253089963215195,0.11130211659307165,0.44509664058290177,0.3963170406923078,0.6949152542372882,-0.3777338666030428
FSLR,-0.15896934662301831,0.6689061335115662,0.02970146139395654,-0.9219099682567089,-0.13961625173074088,2.0761206835893597,-0.09699261114803766,0.4406779661016949,0.8909485252049889
FTNT,0.10327942289177172,0.3930329415729399,0.39967979668145764,-0.3843899262780774,0.02417161230783882,1.6331177872358835,0.2149026455088051,0.6101694915254238,-0.09348254859760942
GD,0.1579591859277787,0.16951848751225496,0.8378102870449005,-0.24741454441393212,0.06593295092329043,0.9565236828736741,0.4740000302590212,0.6610169491525424,-0.14780094669409163
GE,0.13156095089203368,0.18940419051485363,0.6440866631567016,-0.2594489301473913,0.025694969141276225,1.184505561477353,0.3084364717540659,0.559322033898305,0.3345310651569574
GEN,0.051817944144727734,0.22032522515698397,0.24826113326657515,-0.25912788239704365,-0.03231836673772315,1.0730381846614618,-0.14802353229620957,0.5423728813559322,0.3526333493083673
GILD,0.4057474023627199,0.2618724957107581,1.370924756791277,-0.16361254882511625,0.3245415840158863,0.9150748334847391,1.1596078686759432,0.6610169491525424,0.03208878151735436
GIS,0.14240935895250084,0.12511331389347677,0.973623194372736,-0.07995853891052408,0.09414026933022002,0.3863459441391398,0.29400774666859697,0.6271186440677966,-0.02658096689160294
GL,0.17059710574582998,0.1565977319118452,0.9624931501620262,-0.21664932450754373,0.06077977443237881,1.1229377676660375,0.7975591328426231,0.6949152542372882,0.41553290938887405
GLW,-0.01717574881633155,0.25478314579022365,-0.017311200175928902,-0.494051969892392,-0.11907118972577069,1.4923570340639158,-0.44193819786254857,0.559322033898305,-0.08079960085167197
GM,0.0011276827171196047,0.29730313736599634,0.08240520877715425,-0.41216849413527845,-0.10567662688188151,1.6636465244711103,-0.23972883038757506,0.5084745762711864,0.5335492086955909
GNRC,0.2530951904508938,0.4043359487542651,0.7008605467600512,-0.4951670367727233,0.20819747202979122,1.1374150524378015,0.5280566019781736,0.576271186440678,1.0691130024734652
GOOG,0.20852079923978883,0.23645508425364437,0.836629648889437,-0.17447028890174443,0.13100718578519266,0.9084471213893673,0.5495717600656744,0.559322033898305,0.7433631325122582
GOOGL,0.21348480940089676,0.23649310883063004,0.8539266677040092,-0.17447027593095643,0.13648306001285238,0.8991489618940536,0.5673368535141462,0.576271186440678,0.7870535358391343
GPC,0.14207128186516127,0.16112695923463502,0.785971114694772,-0.2060895144131833,0.05996677005170836,0.8370656759804735,0.3482727765315564,0.6101694915254238,-0.027919458092822754
GPN,0.2284517253432956,0.21756888985439926,0.9686771427824561,-0.24073463235731757,0.1232844402492248,1.1518459025710182,0.751659066189242,0.6101694915254238,0.31339338701288816
GRMN,0.0856849973743492,0.21286669384391435,0.39900458845648407,-0.3860220765314675,0.027271411133745316,0.7112078776611528,0.017024365056855867,0.5254237288135594,0.3426536337419132
GS,0.0339032512007007,0.2673184214755835,0.18451502548262386,-0.44261179937938416,-0.08618614801710056,1.705903300179395,-0.16412759499230573,0.576271186440678,0.05231614991419696
GWW,0.11061933851581052,0.16633443400868567,0.5957645319169023,-0.22345391332573183,0.039409362467698994,0.7404267819232664,0.12078160138542456,0.5423728813559322,0.465398908600411
HAL,-0.04358357822689907,0.32490487625673314,-0.02598450522840899,-0.5089493448239695,-0.1246194519562831,1.5195575311162552,-0.322762079961174,0.5084745762711864,-0.6277989509855788
HAS,0.12420903294706487,0.22667889931771726,0.5442500118484912,-0.30866570873922117,0.018026440976224967,1.2935847836328036,0.24256210962630462,0.6271186440677966,-0.01448475367533171
HBAN,0.11491831254258589,0.18028341823526658,0.5879817748397703,-0.2904251452195128,0.025437753622533643,0.991517543768672,0.17699769590313602,0.6271186440677966,-0.7131158088996967
HCA,0.21189548089729815,0.3194324056476724,0.7050643807152407,-0.4259098694805333,0.14519989924648646,1.1307100293244807,0.5047150110127475,0.5614035087719298,-0.2164316004607119
HD,0.3275355824365602,0.16067334128598518,1.7390246612503966,-0.10354378125400672,0.23001935120814876,0.865597708794891,1.5722132100934585,0.6610169491525424,0.22508205526221486
HIG,0.1159065297046249,0.2717373692333618,0.46948706389849126,-0.44982186919485007,-0.009191743072582637,1.6776116233325609,0.22538968779397076,0.5932203389830508,-0.24736622213717951
HII,0.2742041698243909,0.2741181349558843,0.9538116631229382,-0.39175013407270964,0.14360537288742203,1.6096710037863144,0.8707846189105016,0.5964912280701754,0.2838964005642418
HON,0.1595613526535986,0.1628705737989248,0.8729456487148302,-0.27354015810993193,0.04733645617562865,1.1752131230157794,0.6736417961493766,0.6779661016949152,0.30658153100564356
HPQ,-0.08740753437602888,0.3362875872148111,-0.1608984633212742,-0.6921362559517658,-0.16680749953946483,1.557364322209993,-0.467412987028716,0.5254237288135594,0.15785462569263664
HRL,0.2892032097261015,0.16873491596759488,1.4857384647340655,-0.08972712848372846,0.21076761224104068,0.7101134702041773,1.1217424908880842,0.6610169491525424,0.40498400125113454
HSIC,0.1958318901834306,0.16934969142871908,1.0293099667999956,-0.15136166389798986,0.09213143939930846,1.052832798576008,0.7956698423564573,0.6271186440677966,0.46318993786170165
HST,-0.010880381971321906,0.2548850378415967,0.0062224945611644945,-0.4015517867061456,-0.12394241052808053,1.6331563233838968,-0.433392285802771,0.4745762711864407,0.4547724545022635
HSY,0.16749399280423316,0.1522341103809227,0.9689134224479343,-0.1628151727470405,0.13532599674611911,0.24412596127275749,0.3797773923097867,0.6610169491525424,0.001132460572877145
HUBB,0.13101201320903466,0.20320111668382318,0.6120895987920473,-0.29317733762971926,0.031172203295834366,1.1482857745520327,0.27879436770356747,0.576271186440678,0.1331041917652691
HUM,0.2699339865793233,0.2865434345680051,0.9133477787385158,-0.33169353235540355,0.20639907557443893,0.8902497536026563,0.6739796537867925,0.6440677966101694,0.19400044353510784
IBKR,0.2480018140435174,0.20985377070849315,1.0745403843459245,-0.19561582259360177,0.18393505015801836,0.6800709887595503,0.7277449045577761,0.6779661016949152,-0.027744530721516916
IBM,-0.010981913051873127,0.15044313259697334,-0.12860853246647092,-0.30723297447634607,-0.06370231330760023,0.5676739082087853,-0.6998286382867885,0.5084745762711864,-0.5087179265220589
ICE,0.1725565873906214,0.20259076226568423,0.7903200781174418,-0.1546098436307019,0.08920417788472168,0.9118335104465151,0.4550692854278323,0.5423728813559322,0.8297425125941292
IDXX,0.15535854626593615,0.23090512066461438,0.6586366400768644,-0.20862262217120758,0.1073364687332723,0.6093334332769511,0.3143883297306212,0.559322033898305,-0.12153701737930891
IEX,0.16201456755741095,0.19009031752878047,0.7867438759736662,-0.33337015676776727,0.04347590993594985,1.3111040562368288,0.5747513349658683,0.6440677966101694,-0.5778854875948244
IFF,0.1853615404232951,0.17342586432425042,0.9585765451622035,-0.17487054078463718,0.09486310272006149,0.9229954036540268,0.6221214043111104,0.6779661016949152,0.10564679971623571
INCY,0.500667538570251,0.4323655950781583,1.1093408662118798,-0.36134453043923126,0.539785452249328,0.4922262421529596,0.9202072046340799,0.576271186440678,0.7165666293138785
INTC,0.13954614237778284,0.2133661621219709,0.6277925786673794,-0.29262526245625387,0.06092743266731637,0.9155239918308252,0.2834101804637813,0.576271186440678,0.15335400056469595
INTU,0.1688902686828604,0.1876493048841986,0.826871232422403,-0.1892784147127924,0.06869528115333878,1.0857128924677024,0.5308666335789206,0.6271186440677966,-0.6979227821904391
IP,0.09358345180438188,0.2289879155151512,0.4191784903402444,-0.31925129834385346,-0.02413222129416248,1.4762884878999336,0.08989815274734073,0.5084745762711864,0.09287045147467246
IRM,0.11328969265847855,0.26958492716137283,0.46346408971404546,-0.3118024339374396,0.08279847090030734,0.5534060240587472,0.16260371341006916,0.6101694915254238,-0.33841503164848813
ISRG,0.11281090457276544,0.25940714482551763,0.470814693682284,-0.3744379292424995,0.06866373986807317,0.6810560596441729,0.16252786528703594,0.6101694915254238,-0.5852997662813677
IT,0.21075428438007515,0.18635195857892528,1.0195927374147735,-0.18969935722662007,0.11881150868677137,0.9467822812194512,0.7224767190336268,0.5423728813559322,0.10049920103121804
ITW,0.1458423793726964,0.18681465014345092,0.7184384553924332,-0.2775581063009543,0.036828480810254804,1.2016520640444406,0.41963094284893226,0.559322033898305,0.3048814426397089
IVZ,0.09208333613402186,0.25933286068504824,0.39150594710868875,-0.4151647341513378,-0.054422957053870236,1.929632694710171,0.11890511332654122,0.5423728813559322,0.4622088610861786
J,-0.040364599280888425,0.2639350379964689,-0.09974281488991776,-0.41055122962409196,-0.14606491940673838,1.600753682254425,-0.5419421712205411,0.4406779661016949,0.28749690909231823
JBHT,0.13741762813580838,0.20416660362504196,0.6378296440482523,-0.2381752508433054,0.04719664107245025,1.030274510590208,0.2950627954686179,0.6101694915254238,0.12298919923984443
JBL,0.04554478068705303,0.2834358827756563,0.22960379167986864,-0.323616702648798,-0.008197650771596288,0.8989244860723165,-0.06250185404451121,0.4576271186440678,-0.054610526288315364
JCI,0.09585804038004508,0.17500357353760465,0.4989970991833092,-0.28043267868463834,0.0014400537665977264,1.0531946102744272,0.04635868731296443,0.559322033898305,-0.08411927428856507
JKHY,0.2360468866604013,0.1399347454571467,1.4548345899678237,-0.14488114311428077,0.1531909938212066,0.7381947335441336,1.0669654842683547,0.6779661016949152,0.11716953675629434
JNJ,0.15301951094669253,0.12903678434548468,1.0198301045549545,-0.11858383081000697,0.08074293653513598,0.6584384400059079,0.4507649947952933,0.6440677966101694,0.2649103162133092
JPM,0.11050679228086335,0.25949843071148265,0.4633657455063102,-0.3474104988867759,-0.015538916639997624,1.6663975892536578,0.20534031443954873,0.6101694915254238,-0.689510720217302
KDP,0.25468232073631625,0.152833390175827,1.444188840522006,-0.12138924808664406,0.2072051132572481,0.37924543880799727,0.8524562490989691,0.7288135593220338,-0.06868771845334774
KEY,0.1044576154199397,0.20270717068549535,0.49531942419886066,-0.34577007555697875,-0.0013456435461679517,1.2477287453788406,0.13110475502969754,0.5932203389830508,0.018692631469092252
KIM,0.12601237575100654,0.22692364932349832,0.5509458123809454,-0.22330818770901736,0.029578983420437632,1.1752076439714092,0.23906823150450687,0.559322033898305,-0.0027858574453993043
KKR,0.08154971844234549,0.29048467727943,0.34751123624817615,-0.4390171623108921,-0.05361749444112973,1.9120826100051262,0.09059386353328101,0.576271186440678,0.09476656203021026
KLAC,0.18162823847395693,0.27565659592333863,0.6661197180288498,-0.2701013392312693,0.05529993805921807,1.5901367669365227,0.4746907820354081,0.5423728813559322,1.3448066168659416
KMB,0.19909642682193684,0.1447391989099342,1.1981099685612067,-0.0865162040500608,0.1565102960804734,0.33258249994236777,0.5750700356112727,0.6779661016949152,0.18649972940219114
KMI,-0.09976277453151672,0.2571382445051981,-0.33762140808955643,-0.6411700376248917,-0.14187233371453145,0.8504343820722238,-0.6880150315164197,0.5344827586206896,-1.9091564010373525
KO,0.09795490764768844,0.13417838697341353,0.6190735598405457,-0.11037591644342827,0.04337792941008067,0.4969713522004962,0.011280709880303018,0.6610169491525424,-0.5925283767921333
KR,0.34190881372596693,0.19872785195018677,1.4965901155491688,-0.15399912247661035,0.25685507047824085,0.8168071356674577,1.2290673343019989,0.6949152542372882,-0.2687899306157661
L,-0.0023304753961050917,0.14872248984053849,-0.07543592543418089,-0.24290931833276985,-0.08396781626304195,0.9339766462784134,-0.9151825527499405,0.4915254237288136,0.4941833083727292
LDOS,0.11383228311290083,0.2826111716067509,0.45257615954196984,-0.3611843150372529,0.011460607026539726,1.428612952955592,0.19850915766552352,0.5254237288135594,0.2930747588934234
LEN,0.21343010841337406,0.2718867340484003,0.7789548672493227,-0.3255111408582551,0.10370818312526886,1.3820503461314295,0.583313311164732,0.6101694915254238,-0.04667911233322055
LH,0.06693798677728546,0.17332862628361984,0.3473279092463618,-0.21600712887920712,-0.0066799613211201425,0.8203927837588351,-0.14627221352817263,0.6101694915254238,-0.184884081827323
LHX,0.16702770231219155,0.2370214711955368,0.6907047270508847,-0.34892306443629983,0.048481390980088745,1.4258328006456291,0.4673093237999408,0.6101694915254238,-0.2155042698227435
LII,0.2272813900782924,0.26292271486556784,0.8405252416245176,-0.504652454852336,0.0991595372837013,1.5459860113728268,0.6921931203461817,0.6440677966101694,-0.03691701536192512
LIN,0.041927207810940725,0.13579460278094682,0.22524746394936693,-0.21114114009222756,-0.04062727476467587,0.8827973917260691,-0.570001256422389,0.6271186440677966,-0.2822196132455624
LLY,0.24582480707342924,0.1255655423868781,1.669988000295186,-0.127462432683101,0.21699374030730256,0.14339243132204524,0.8024888268130624,0.711864406779661,0.34155178509309525
LMT,0.275656993368677,0.1396781992972805,1.6877222780890662,-0.09370088998332594,0.20417723264920484,0.5946799345315248,1.1851510571491781,0.7627118644067796,-0.1444356302519191
LNT,0.15280656322755948,0.15308583516665522,0.8813816942734715,-0.15903156182741154,0.10397038378913748,0.4366094738950019,0.33648118802509924,0.6440677966101694,-0.3288637598979628
LOW,0.2780079278904395,0.21597754982340578,1.1632964613932648,-0.26074087875069063,0.17579765197389974,1.0815733581323421,0.9673296571580332,0.6271186440677966,-0.36601398257624884
LRCX,0.10395486082834449,0.261487251382559,0.43402264055275,-0.43911032933308164,0.010106030228650864,1.2683370942257144,0.1467038534590253,0.559322033898305,-0.013144699681678196
LULU,0.09004960193670564,0.39857923308922694,0.36231063322031276,-0.5055905098604607,0.08076575958516474,0.8153086879088625,0.1621638274712967,0.5084745762711864,0.32470299019259363
LUV,0.30771521118047507,0.273899643399867,1.051275793267375,-0.36273930236010926,0.234298463212407,0.9268534287986115,0.8198794520428981,0.6610169491525424,0.19493375353902473
LVS,0.026974617269173162,0.3513296001739503,0.190950728281238,-0.5233118820552253,-0.0954282057673228,2.0473812959515825,-0.050752357659858596,0.5254237288135594,0.44836089131287754
LYB,0.2798272860969737,0.3524379192021337,0.8239864532465434,-0.44653991795737086,0.15225024094701234,1.812981589720505,0.7025311714360365,0.6271186440677966,0.2729398193190571
LYV,0.19107753306513064,0.2769294844844611,0.6991161643203232,-0.3052905104605999,0.09767154127580491,1.2268904474553946,0.46996069337973373,0.5254237288135594,0.34057252835469015
MA,0.33906217570241615,0.1873459594226555,1.5628959705479444,-0.1180883466770085,0.2429119399969457,0.8996166218470452,1.35818668739067,0.6779661016949152,0.16291394330610753
MAA,0.11816602852298863,0.17735461760344484,0.6114847468128023,-0.18947465245082523,0.077971278653999,0.4063000731865068,0.14586294876217512,0.6610169491525424,-0.8212083339733987
MAR,0.14217371364661524,0.21044418085199096,0.6436230205755978,-0.30091130312135633,0.02923988075152706,1.307082601049367,0.361238714308598,0.5254237288135594,0.4197422536164516
MAS,0.21879486652401492,0.32550669581841374,0.70939076664745,-0.49727809121673255,0.07120576221202324,1.9856607415656085,0.5840058285355706,0.559322033898305,0.47934932496527644
MCD,0.13754443721503362,0.12508876411811468,0.9387482904812167,-0.1150474325306283,0.07766500717935676,0.5198899011877023,0.29192583004022465,0.6271186440677966,0.4196935871303378
MCHP,0.0876459956106681,0.19669268706826495,0.4248387572650911,-0.2271027666127129,-0.004983772700673517,1.0859441495385038,0.013364714962113307,0.559322033898305,0.273068186777248
MCK,0.2257272233400205,0.1893744738602841,1.0705280300038755,-0.24447354013457595,0.14332494018667474,0.8343400461385029,0.7410852386120514,0.559322033898305,0.6877213387791604
MCO,0.30289675552517115,0.2381710795882117,1.1573847386454315,-0.23360608868308122,0.18235523412660215,1.3117551577815578,1.0439385016153433,0.6101694915254238,-0.1201724202795611
MDLZ,0.20171483269603652,0.163617384971112,1.0908286099181796,-0.0974351707684865,0.115231944426061,0.8451218543261713,0.7358314164270052,0.6101694915254238,0.15165040514596168
MDT,0.17828692070735386,0.16834317346519923,0.9460680142396627,-0.19870319756255683,0.07584076786842342,1.053824127798132,0.6757715844320462,0.576271186440678,0.2216112270299766
MET,0.03568033854426855,0.2771478944296783,0.1943620407419718,-0.4085727264279127,-0.09969580430322433,1.9427705625978087,-0.14306971039778393,0.5254237288135594,0.009053591652831948
META,0.4225472507370245,0.4449605136830743,0.969142812586133,-0.4192926271191993,0.39218858283819547,0.8725821559588945,0.7361477785146837,0.6511627906976745,0.708886371803318
MGM,0.09064007290619469,0.37075401057804147,0.3644185082279658,-0.3851753804542376,-0.017056310336026836,1.8675934770597304,0.169257472666882,0.5084745762711864,0.2257600978751028
MKC,0.168769236603731,0.1355604559008154,1.0787210869742638,-0.11181467866168537,0.10533556732935745,0.5599549975331007,0.49992494002536625,0.6440677966101694,-0.022133029081711792
MLM,0.12341558393243557,0.2785255900483439,0.48270590752255743,-0.29939170952582206,0.023015436106020637,1.3693548542328566,0.22794492311622583,0.5254237288135594,0.759420803055741
MMM,0.14433701374493402,0.16229430332211345,0.7949982061463841,-0.2521345651353083,0.03431845681327084,1.167804078198802,0.5270108843300866,0.6440677966101694,-0.5211200409408195
MNST,0.4016490231217442,0.32884940312418376,1.1359498071673026,-0.3849862111308763,0.3985957841012977,0.40901146236193714,0.8779441380556577,0.6271186440677966,0.7002347618754755
MO,0.26520273604919575,0.16191232602153863,1.4252531644557458,-0.11299648646753173,0.20230841388982634,0.5530526805841464,0.9481441722234822,0.6610169491525424,-0.42165086401022495
MOS,-0.18353652937601217,0.30407888891775725,-0.5618635672292528,-0.6518925675728987,-0.25788914158899,1.5172408568727502,-0.9922627190423077,0.4745762711864407,-0.8365906294040538
MPC,0.25399045943485365,0.36840707089972025,0.7498550563223816,-0.37872942767314705,0.09521853383859114,2.18126054402435,0.6481073791628801,0.6111111111111112,-0.051205354237762325
MPWR,0.3675969526367431,0.31069735240297375,1.107486906692863,-0.41156056930362644,0.2210514816485354,1.7499836775150934,1.0508454997815027,0.6101694915254238,0.20795479771912687
MRK,0.14183463067957347,0.15912286320515215,0.7919928650171962,-0.17565887246117576,0.07607168535908682,0.643570545191006,0.30401047306640927,0.576271186440678,0.174157210891047
MRSH,0.17783222061879966,0.14438472925486803,1.0752257817599902,-0.14274430987249428,0.07534525069357234,1.0102380412908456,0.885770874529602,0.6779661016949152,0.16171576066968918
MS,0.02735825696537919,0.34655550142573865,0.19439463438761154,-0.5440910368382674,-0.11232633832778427,2.2799740250504037,-0.05302352224876162,0.576271186440678,0.12883863873283247
MSCI,0.16769825620200263,0.22002462847498372,0.7342956296399845,-0.286735682531177,0.0868552233171731,0.956293981402029,0.42195408477122404,0.5932203389830508,-1.1967540137283994
MSFT,0.18421269327150092,0.21808516157073868,0.7952262352221081,-0.15704200445087754,0.09986128712089148,0.9548159675364266,0.49006521565623634,0.6101694915254238,0.6100376154057743
MSI,0.14337372077017196,0.17495879208992446,0.7434865935675212,-0.14664416957211926,0.09444368808987003,0.4842859447993937,0.275458626400932,0.6271186440677966,0.010170550298797282
MTB,0.10182064328758211,0.15656791717884364,0.5742325390922834,-0.20110137262813157,0.026325320536116692,0.7834959809292946,0.06452171265267453,0.6271186440677966,-0.5314239327577704
MTD,0.18177337815539607,0.22488249760084839,0.7710827475253412,-0.25314828563346714,0.0813586601083085,1.1640736723824403,0.5099106796579715,0.6101694915254238,-0.010672354307623732
MU,0.0618891153354979,0.42490441340537094,0.3131786892230038,-0.6061196168500673,-0.03191517441001013,2.0289934055196843,0.138283290129869,0.5254237288135594,-0.2268450309917588
NDAQ,0.2066429599290709,0.20280632896940518,0.9354359050740121,-0.23523257036393153,0.12139887459281651,0.9146219329365205,0.626411920534469,0.6440677966101694,0.10177348597094088
NDSN,0.08075011968559198,0.25829895687025334,0.3506667068103106,-0.30560045965194776,-0.0306920559965862,1.4924649311573133,0.04534637014432044,0.5423728813559322,0.5002069200419829
NEE,0.1851774385712881,0.14534891604405709,1.1132504536395205,-0.0891148230168449,0.13792944426173603,0.3911905169211755,0.5170492522311064,0.6779661016949152,-0.3749962601314669
NEM,-0.18770344249390203,0.36684707225895336,-0.4320266067122883,-0.7462691368718453,-0.16535886838987457,0.2564245776260946,-0.6387393971257534,0.4406779661016949,0.40999067716541693
NFLX,0.30772473218696517,0.7250901042716152,0.6825809383715087,-0.7989660767746113,0.43935799898473715,1.5346873557052438,0.5860685410613615,0.6101694915254238,1.0290322506808403
NI,0.2611614570082923,0.12695729661639965,1.751943746058143,-0.08609094332152083,0.22418620181171045,0.22601453661750048,0.9170954399953414,0.7457627118644068,-0.20614032273401098
NKE,0.2698284922641141,0.2097401647558676,1.1623805606320763,-0.21272921961646285,0.21075089931474333,0.6256976844584722,0.8056176688189096,0.6610169491525424,-0.7691154255102941
NOC,0.286692271149656,0.17030803918392684,1.4636726477371245,-0.2405263101291999,0.19527199826193753,0.853094093867678,1.205172673608277,0.711864406779661,-0.25531048246421817
NOW,0.43254800138032046,0.3457086621328945,1.1707151745191458,-0.28335055519229807,0.3349159399916961,1.1067725298821183,0.9238807821316765,0.6428571428571429,-0.3637356028051914
NRG,-0.09565161960594881,0.26906276386323286,-0.3056563769357326,-0.6711173315852677,-0.1339751736022433,0.7448545274140749,-0.6389440802144013,0.4745762711864407,-0.5076171266059608
NSC,0.09709261789105317,0.2356528590950647,0.42524750187007737,-0.29890452940164264,0.0038508528273915044,1.1817004229321209,0.09711094503067524,0.4915254237288136,0.5533221918002162
NTAP,-0.1291289386377732,0.30262391788324705,-0.36439977484993574,-0.508672807713396,-0.21634623404226117,1.607032698868995,-0.774333151909909,0.5084745762711864,-0.13572101278259616
NTRS,0.09395639407425493,0.17856191932612342,0.4836558586075318,-0.30846545271727505,-0.0033601133534856276,1.100290677000398,0.03865875331846289,0.6271186440677966,-0.32475911228170556
NUE,0.007723411228924393,0.21727975416686962,0.0519714391790594,-0.32153027965257036,-0.0999093638562163,1.4235806107837807,-0.4736102671244071,0.5084745762711864,0.26631515668486344
NVDA,0.08097126955569567,0.28546007623165964,0.34874049449132744,-0.47131506795862466,0.001995984986777888,1.1963003222405673,0.07201769927220526,0.576271186440678,-0.24814943540375942
NVR,0.16820905567812794,0.1732791180109639,0.8741643738588841,-0.20766402573341816,0.11077686641294959,0.5635069732775986,0.41571727618971943,0.5932203389830508,0.05386419538491676
NXPI,0.27273475113581536,0.4091605449763319,0.74604549514911,-0.5772455805782053,0.15508405604485498,1.9645774437003307,0.6266328680417446,0.6101694915254238,0.25225525595236986
O,0.13647897914427576,0.20389983817209095,0.634571035414025,-0.24136035312112497,0.0987585036802825,0.4271957387973925,0.2292107133097544,0.5932203389830508,0.01520605967483923
ODFL,0.22883338237414685,0.23666781317053545,0.9090930801123616,-0.27110054721343,0.12011173276051967,1.2408075164919736,0.7061697851920472,0.576271186440678,0.46630988289950315
OKE,0.026747684127097937,0.2746618945546323,0.1588584768171733,-0.6233060751311863,-0.041530514733970736,1.054272135569403,-0.15439272495221953,0.5254237288135594,0.44955267114181857
OMC,0.1408217888960719,0.20511532560241827,0.6496435224307638,-0.263922390801739,0.012493344967341224,1.4816758392698586,0.4182363128249486,0.6271186440677966,0.3751578389110981
ON,-0.024120877879871605,0.3178471803298117,0.017841863421191685,-0.451871662299343,-0.12051719504219038,1.6359147515564372,-0.28673660786265165,0.4915254237288136,0.34615079114918956
ORCL,0.03821109000934286,0.20585849489221258,0.19058205279795626,-0.2840156909129792,-0.054858153385640596,1.1713269377842443,-0.2728264579071526,0.559322033898305,-0.35958285301505527
ORLY,0.3553564644807705,0.20245989144550947,1.5214976715245134,-0.20739326349724965,0.2959639514129073,0.5636677445745127,1.1431974870028496,0.711864406779661,0.18322083837017342
OXY,-0.034265317579722065,0.2757036220682244,-0.06466207465984361,-0.36803490985479104,-0.13526602663557774,1.5527960268475087,-0.4570248679003441,0.4745762711864407,0.841264666379077
PANW,0.3902659593516693,0.3306170238552304,1.1101202362997413,-0.34513817168271527,0.3175362028430495,0.8738099754867386,0.834196132409533,0.5609756097560976,0.14445918677576441
PAYX,0.14782594200261623,0.14856683430035122,0.8730260786018951,-0.1999400099041666,0.05827471067663459,0.8942931988727237,0.4527554640903267,0.5254237288135594,0.21126095412322865
PCAR,-0.00034830104291228015,0.27018212065913766,0.05671968384670547,-0.35867466130457115,-0.11066403532549984,1.6190668778377975,-0.3213924227941534,0.576271186440678,0.7186876607340885
PCG,0.07187089513659206,0.16640229310053087,0.3824203502127372,-0.14999324548943002,0.04537920426194053,0.23511897150084793,-0.09586386903850187,0.559322033898305,-0.14640256756389636
PEG,0.08205868174757658,0.15898126226414303,0.453534006599413,-0.13777908554566026,0.05750390279822781,0.19695633867473664,-0.05157305949649905,0.6271186440677966,-0.565019306341107
PEP,0.12697234145190373,0.11682572150110353,0.9169327184569626,-0.11623762634364643,0.07087142721555328,0.47152967099958437,0.2129147896338711,0.5932203389830508,-0.3128718564439076
PFE,0.16520060005298398,0.1535385771496626,0.9491043366602837,-0.16656853160594634,0.07570183952522935,0.8893831277549569,0.5639867864702369,0.6440677966101694,-0.06493641042369275
PFG,0.09679459470564944,0.2303983515238976,0.43164826793410527,-0.33829561554712245,-0.03447275860713772,1.6490755785334061,0.12145638146902477,0.5423728813559322,-0.11986239713664912
PG,0.08059459259838042,0.13676074091750187,0.49118542688485595,-0.20592150053915542,0.023470638666926558,0.5389753387143648,-0.10822798448782302,0.5423728813559322,0.2924230851750932
PGR,0.13899430244742228,0.16684688678891746,0.7488311927608089,-0.19051946428308697,0.06276980749255423,0.7836612229329928,0.3060814835461241,0.5932203389830508,-0.28877571917214573
PH,0.036415918901044675,0.2539081716794791,0.18563387928331976,-0.32677672386041967,-0.07950548094310128,1.590363768785548,-0.18471605260270826,0.5423728813559322,0.8415518752002733
PHM,0.18911449778250633,0.37061552315513074,0.6042608811682787,-0.5319906146417085,0.07888619645271855,1.8121396464341657,0.44686241258410503,0.576271186440678,-0.16768366998359385
PKG,0.2129502519155837,0.22782252747162796,0.8790026537482368,-0.25659053872224574,0.0900842560207269,1.3941385277955052,0.7158092789411784,0.559322033898305,0.10631838313779439
PLD,0.08828980378892326,0.23722075997088257,0.39474582889584986,-0.3374325980842343,-0.0184369379767928,1.3763042337296687,0.06722419352869863,0.5423728813559322,-0.27726671617173393
PM,0.13789097258650296,0.18809710404572813,0.6783650755374724,-0.15646165316952892,0.046603142584726864,1.0050636416406713,0.3133463277011117,0.5932203389830508,-0.03526268050259012
PNC,0.12435099983477671,0.15484910797991056,0.7100818854548057,-0.22598220863827062,0.035960686810399656,0.9144700229837965,0.2523914107768628,0.6779661016949152,-0.31046906605539537
PNR,0.08591627210466779,0.25853832020228634,0.36977886146597994,-0.36617532090409427,-0.010220008260720337,1.2982372506382198,0.06620299309211063,0.5423728813559322,0.3811331004437847
PNW,0.1424002053501887,0.15650176236496965,0.8063022421368494,-0.18161759950698267,0.10304064623018205,0.3398598208319467,0.262747482967551,0.5932203389830508,-0.015552743530789974
PODD,0.17612265545514139,0.3559426044495485,0.5925986241907667,-0.45360605550634103,0.11546790107874627,1.2404548343000128,0.3964819327951981,0.6440677966101694,-0.8561887910952817
POOL,0.2968108931808682,0.20638466350713436,1.2750460711916698,-0.13740031038355402,0.20455551070923095,0.9269082552668088,1.0323529724996114,0.6271186440677966,0.9353426326351616
PPG,0.211265658638921,0.221356638865319,0.8903606202899175,-0.24994972511090682,0.08257433978739015,1.4406335612762675,0.7564509413638688,0.6271186440677966,0.5193725890929664
PPL,0.12803270175477,0.13102590595988461,0.8388549023513263,-0.11024573683223458,0.09130814497557327,0.27242115300272696,0.1854969606756591,0.6949152542372882,-0.6545473996600655
PRU,0.08929163179282185,0.25196928302258703,0.39187718080413514,-0.2881665714077625,-0.033394154377058505,1.6267170446365904,0.09501277480588503,0.5932203389830508,-0.648340842040452
PSA,0.22103834112196696,0.17229686515370674,1.138371113263443,-0.0929150396934401,0.155755586159259,0.6193422385694944,0.7048526076130625,0.6610169491525424,0.09365282230415366
PSKY,0.20650953470260358,0.2913402429970782,0.7245832347010298,-0.39467333379522596,0.05394811114225995,1.9428988666222604,0.6073314479357244,0.6271186440677966,0.14898029572190605
PSX,0.2989703648104838,0.26208891776521315,1.0630274589568762,-0.18638544137245625,0.14585508093068889,1.5794975330218262,0.8900871388813012,0.6818181818181818,-0.19460021101149466
PTC,0.09434736576766634,0.34890952743890014,0.36654448470746664,-0.3662958457208826,-0.04021789050926261,2.070771217918395,0.1650109984697419,0.5254237288135594,1.1277288894919255
PWR,-0.03174003090149846,0.20590691654613705,-0.14839792554207643,-0.4550137074848969,-0.06832830308855664,0.490628051922249,-0.5428119664289318,0.4576271186440678,-0.1896763248106488
QCOM,0.004706543153920384,0.2243163950888963,0.04696649266556588,-0.3640245477359173,-0.08556049745395311,1.2219226291560417,-0.4058506280609685,0.5423728813559322,-0.39226365593873713
RCL,0.19788853763899872,0.32610055879575056,0.65590341191801,-0.5038943961800842,0.07942995869372949,1.682584977291923,0.48627127567983636,0.5932203389830508,0.4015832360564586
REG,0.1394869714731093,0.20191793400992344,0.6529926434428527,-0.23236489978661146,0.04700769181775866,1.0524520015302772,0.31380856287652115,0.6271186440677966,-0.2142436487846387
REGN,0.7601812482712642,0.440295684522495,1.4594411559616627,-0.1598813157352375,0.7365982466052956,0.9536320335171794,1.3169705143974961,0.6101694915254238,1.703421137948616
RF,0.07757620798427167,0.2896488088312672,0.34392021156660724,-0.5617184202975611,-0.04755174519332417,1.8177593913820653,0.08252009793950027,0.6440677966101694,-0.9499502453541334
RJF,0.11608826609531375,0.2159455260890768,0.5259540803517522,-0.31491794977874643,0.001151516556157528,1.3786343689824612,0.21279330475603508,0.559322033898305,0.11731987974785413
RL,0.019289674112255684,0.2641606660563483,0.12774217973365726,-0.39507149235485367,-0.05035793445006376,1.0460375081262356,-0.2040640550973364,0.5423728813559322,0.33726409521273226
RMD,0.13000694794575973,0.22504858588406743,0.5679309404284905,-0.2826448711763427,0.06718592189347206,0.7677617739402934,0.2222236146367451,0.6271186440677966,0.33720015857372543
ROK,0.07312503616094368,0.24281960429633515,0.3305391968154605,-0.4015221882028776,-0.023974073200638824,1.2814719804958614,-0.006638237757153807,0.559322033898305,0.10807387155944374
ROL,0.17684592386342013,0.17486210759404341,0.9087977420659076,-0.1052126908707418,0.11692276726771911,0.5864665237180245,0.4605631504276531,0.6101694915254238,0.6964494626042641
ROP,0.20583478483978968,0.17655607670163312,1.0406136160017379,-0.20221026966192843,0.10525066743090661,1.020685372878419,0.784533741906028,0.5423728813559322,1.0080989528223372
ROST,0.28823201708329993,0.207687490603423,1.2377476362284316,-0.2163177062206961,0.20203584425348864,0.8783640796571894,0.9689978367965779,0.5932203389830508,0.2874895437859203
RSG,0.10769953366518825,0.13647535493064303,0.6754697878751256,-0.141338706525737,0.04721166916191577,0.5636489408490952,0.08184152545850569,0.6271186440677966,-0.14985583516888315
RTX,0.059295914436260366,0.1772684361941336,0.3020015340216486,-0.26123792672610446,-0.03822252192386588,1.1336015243121031,-0.23564426865356142,0.5084745762711864,0.10112684790440099
RVTY,0.17177814157495308,0.21254530303462724,0.762613789843679,-0.3264832627649894,0.08358504018482238,0.9999590032582523,0.4535693743256091,0.5932203389830508,0.06145690608628457
SATS,0.07625751644253942,0.3124531120718413,0.3272975425802024,-0.4467635383027012,-0.010486171532948285,1.3832392513832321,0.07639990763900181,0.4745762711864407,0.2801100388253567
SBAC,0.21214995173318685,0.19121462073253304,1.0058490933411512,-0.18080320294854296,0.13369867687066495,0.8116474926237182,0.6613746371891426,0.6271186440677966,-0.2756954201938259
SBUX,0.33147997164607346,0.19754171122075273,1.464404448905953,-0.20831519659986322,0.24884286725791638,0.7969822589845975,1.1814008319715716,0.7288135593220338,-0.35776580016574017
SCHW,0.14474122162300307,0.2602200252932604,0.5760448091355542,-0.401064707415788,0.03050691780855619,1.4691733446440043,0.33646528283583654,0.576271186440678,-0.09874828200869541
SHW,0.2716047137910722,0.18906457636482407,1.2715414785750365,-0.2250253807864395,0.18277747869553962,0.8750346653372949,0.9945771527045437,0.6440677966101694,0.09678537345601233
SJM,0.17785365184937696,0.16203983301194,0.9745469350118726,-0.13429356723300104,0.11330730995009364,0.6143385038521407,0.502055590453823,0.6101694915254238,0.12489047718014425
SLB,-0.03187279064355497,0.2785193254221378,-0.04687854095441179,-0.3997131611001348,-0.13524538180375656,1.6110112197568822,-0.4352132436364083,0.4576271186440678,0.03862278718880969
SMCI,0.11934561146475597,0.40533756391402953,0.4401087804043116,-0.5524079162263295,0.09318994692495108,1.0908880142537165,0.25158547888292804,0.559322033898305,-0.38123216400783394
SNA,0.2760412199823363,0.1954096407964178,1.2550531589003178,-0.2847905797294928,0.1467730116507766,1.3183832542359761,1.3002327293443534,0.6779661016949152,0.005691646806699086
SNPS,0.11144209216103662,0.15347542159763533,0.6380818998139078,-0.13528138863240835,0.034566234420217556,0.7835697952121307,0.130251877382509,0.5423728813559322,0.19059113497207988
SO,0.09526193481518463,0.11710447066571127,0.669934186273062,-0.15416360104352322,0.07992618803480078,0.016097194592090587,-0.018875392545752424,0.6610169491525424,-0.8024181605698122
SPG,0.1912408932155698,0.17479852988519598,0.9803366151412608,-0.17074983373530664,0.11840297842113845,0.7227081601780526,0.5740615449053273,0.6440677966101694,0.37754896899902146
SPGI,0.24258438700198748,0.2081058099265363,1.0625134787247605,-0.18574374529665721,0.15065842959793807,0.9804771625718667,0.803169971939918,0.6949152542372882,-0.45052520520038586
SRE,0.1645404861707238,0.12874652171644527,1.1009672851246481,-0.14118754520526683,0.109808354213907,0.45499846880260175,0.45114415235199595,0.711864406779661,-0.4005951804768342
STE,0.19217912387152736,0.19396269187076137,0.9049918523515504,-0.1806499147543445,0.0901848448270599,1.0898450433053681,0.6406109787369981,0.6440677966101694,0.45218660352694523
STLD,0.02509528329395616,0.3228791006109956,0.17743030368982413,-0.46319797172391003,-0.08170944562026283,1.744075226668096,-0.09150097887929669,0.5423728813559322,0.03682277588460048
STT,0.09395321660383149,0.2347146094876971,0.4135043712835625,-0.30239554352254905,-0.017364720425743663,1.4047961470903545,0.08893663524337173,0.576271186440678,0.6691585328758886
STX,0.2648329237564093,0.4743128410301021,0.6759912284181439,-0.43496673584539175,0.13391773493438408,2.382515616395617,0.5738183527369969,0.576271186440678,1.0475305560967696
STZ,0.505176353578936,0.2995925151009135,1.4542612871881735,-0.1960701745966195,0.4283070498184314,0.9055625782175548,1.2624589127647805,0.6610169491525424,2.0434296273521992
SW,0.22330584579151047,0.41647165489013255,0.6422704877873083,-0.535156317092449,0.13888451709530192,1.676667832246354,0.49458483488318045,0.559322033898305,0.4092917164381474
SWK,0.1077943673164945,0.24257963113725253,0.4605602240523721,-0.3511483967619007,-0.0026723916910283974,1.402812149434815,0.16314234624544718,0.6101694915254238,0.6370877679261762
SWKS,0.20067475446339977,0.375743442336113,0.6234793030421495,-0.5486921858153732,0.14313769584853286,1.2231017008993188,0.43822327933821253,0.5932203389830508,0.0754782978234142
SYK,0.11960350522936447,0.17470337525569166,0.6221220041919229,-0.2476806613089157,0.034052692805190965,0.921582561668023,0.19679334777132804,0.6101694915254238,0.2907686967107675
SYY,0.10743530766247567,0.13883401990189806,0.6638087014311902,-0.18909416183074138,0.045840284652877594,0.579463237914077,0.0811220139260449,0.576271186440678,0.300307932965532
T,0.12085140195374366,0.13597577536475872,0.76448543062753,-0.10231269577839497,0.07466730061349192,0.38901517259746493,0.15271775565852377,0.559322033898305,0.11526048000915272
TAP,0.1825065056834243,0.1994098604738882,0.8434591045372128,-0.18042585566466893,0.10231061837766675,0.8631489450753773,0.5014673778400781,0.5932203389830508,0.6662798808126124
TDG,0.3448345142137701,0.1836170260442097,1.615400003080332,-0.11092977460712922,0.260921885818179,0.7666256997409235,1.3226636759860695,0.6779661016949152,0.009893422470229405
TDY,0.13636919715905815,0.17271588713734382,0.7151626336157881,-0.17033024123186988,0.052678125772583684,0.8837912617488083,0.3016669776660446,0.5932203389830508,-0.09024742202940485
TECH,0.07200551133287614,0.17368446513068753,0.37427508920486,-0.20802785983218192,0.01938861509640777,0.5614690084542465,-0.09801407842584858,0.5254237288135594,-0.14318017668018834
TEL,0.14879116843464368,0.22635339887131617,0.6390439969606759,-0.23149531333219614,0.034850897079652166,1.3530909981909918,0.37740320649432063,0.6101694915254238,0.5172417800243775
TER,0.04917182300389289,0.28727665766414673,0.23629549641063755,-0.40901789998228555,-0.05120466853729022,1.4755437550555495,-0.05780272487909357,0.5084745762711864,0.8297805183050333
TFC,0.09474571295013012,0.173135712480451,0.49820021974477036,-0.22089548862095665,0.004160647280901264,1.0067973953000566,0.037044696216397076,0.5932203389830508,-0.6233396520436529
TGT,0.08662637758318459,0.1880493019295864,0.42886283822164994,-0.1948610681228892,0.032986061663139,0.5904379116610529,-0.004972403745579007,0.559322033898305,0.8798101811521251
TJX,0.26453293588626114,0.15225058975502703,1.5023732296126913,-0.16151581662166983,0.19764587859902027,0.5765496466928824,1.0134959607592262,0.6949152542372882,-0.5020285044442647
TKO,0.1351027977680792,0.47893790723446716,0.4682207100480652,-0.6094180605385686,0.1730961874239736,0.7791051263661511,0.30302338368167386,0.5254237288135594,0.1420226055796282
TMO,0.20890685248005014,0.19794930899358007,0.9631968235274727,-0.3129105556906774,0.1189788060583683,0.9530375922294412,0.6662721613924949,0.6101694915254238,0.09480798153406965
TMUS,0.13025617953234403,0.41635568038140597,0.4507632486269252,-0.6620111914919515,0.09984370508304541,1.1297644804954954,0.268559145912922,0.4915254237288136,0.5080666478490699
TPL,0.29257696446163384,0.3637361778624612,0.8301775479052652,-0.4238630628964023,0.22528926461205567,1.190188008602508,0.654344031590673,0.559322033898305,0.7097101320811879
TPR,-0.07296457584457583,0.3012627874688239,-0.16993678823311534,-0.5854388977276583,-0.13280382195878537,1.1091683886164778,-0.48753557083359916,0.4406779661016949,0.7036018119909316
TRGP,0.006280530477695168,0.37372930733051746,0.16801838635644922,-0.7964050003482386,-0.07802062240554308,1.7627579676809242,-0.057823155551069684,0.576271186440678,-1.051255340527403
TRMB,-0.014438585476195476,0.349005692553758,0.0671297399900575,-0.5775662328916418,-0.13438933214035031,2.0464252826755778,-0.20599945047889973,0.4745762711864407,1.017419101779125
TROW,0.04882284482335297,0.17298967514907124,0.2480183725812809,-0.2749621289701785,-0.05598852519507935,1.2309560664020076,-0.38688286634562213,0.5254237288135594,-0.08548993439945078
TRV,0.1821170888537833,0.18357657607832764,0.8989740459533769,-0.21813344529156936,0.07202807409934486,1.1683300464788209,0.6713744266460466,0.6101694915254238,0.535322813392822
TSCO,0.28810877582888095,0.2295093269456956,1.1404522822467411,-0.21795298600140067,0.18962794198002775,1.0648965558040546,0.933537145816679,0.6949152542372882,0.16475840730757335
TSLA,0.5959754763884197,0.5724101592037509,1.0388092335966692,-0.3417799626588917,0.6481140031982171,1.0355241410174227,0.9170276560498127,0.5254237288135594,1.8069187790873347
TSN,0.2832238305025301,0.23114706374531943,1.1209497789991214,-0.2697469685338007,0.2527598022637112,0.3878157296024134,0.7470424925025004,0.6949152542372882,-0.5445340343029273
TT,0.0978711526772964,0.24685718316738553,0.42371252304952933,-0.44022466393341236,-0.012357386848490082,1.435016199600091,0.12245759779734797,0.5932203389830508,-0.23629921603476403
TTWO,0.23220826568647546,0.34905803368555977,0.7156665169763782,-0.46430750091934425,0.15606942149108294,1.274119656312012,0.5301911754028246,0.5423728813559322,0.3168843941544315
TXN,0.12957539211599656,0.20330990468419524,0.6047710017747145,-0.25914441474219935,0.016813346633785864,1.3031493487282673,0.29715497565402926,0.576271186440678,0.2604806322610236
TXT,0.10312339636651768,0.30330593002206785,0.4070724301116704,-0.3835096866438634,-0.0016259128519735544,1.5339772466766461,0.16598609642942502,0.559322033898305,0.7355676718240391
TYL,0.541697421295732,0.25948544507072824,1.743678345647855,-0.259080137368175,0.42529199070697077,1.1379382049626554,1.6600356466013202,0.6440677966101694,0.7663466654108867
UAL,0.1799453121997412,0.3334314617549874,0.6068086497219503,-0.26698447727394486,0.1902888332353454,0.3294038296302371,0.3548788293012456,0.559322033898305,-0.09472358261419457
UDR,0.13872395187004893,0.18577851830351524,0.6904887275099537,-0.1710973705017351,0.08685549209085441,0.5481305420088297,0.2564568705235274,0.6271186440677966,-0.5790738953871323
UHS,0.24324580160132103,0.26616377566510224,0.884402019118518,-0.37797805118504,0.12244808746740765,1.463238744732644,0.7288436561602601,0.5932203389830508,-0.3372445881819011
ULTA,0.3901153290445418,0.28434952647745554,1.2470282679906473,-0.3410943150621828,0.36673283409885604,0.46678897124225044,0.9548991334217649,0.6949152542372882,-0.3874802988679564
UNH,0.25808742478973445,0.16854494953777985,1.3420029769485065,-0.1299825642920895,0.19450258369274875,0.5779982195437342,0.8922395974080224,0.6779661016949152,-0.5618046652412153
UNP,0.13093946093077147,0.1836017284980469,0.6562258781462915,-0.337648910112146,0.03995374640517291,0.9962569274813372,0.274172590613194,0.6440677966101694,0.2798667398999123
UPS,0.0932308744819641,0.14743694867509047,0.5464787722394334,-0.144922364783784,0.007069822508109169,0.9015925531634307,-0.009420677158489005,0.6440677966101694,-0.38619604680410086
URI,0.22588644849235395,0.43514216129821454,0.643273103144083,-0.49879817035670715,0.09921611610963033,2.267883882663984,0.5280801236106304,0.6271186440677966,0.03878012517438099
USB,0.12324112802383591,0.12889866806349884,0.8171709902377737,-0.15478862817182407,0.04690844000535366,0.7284327360871681,0.2334268765917529,0.6440677966101694,-0.6523953524759251
V,0.36474507401174505,0.16644688547330252,1.8538954359140694,-0.10325759339851992,0.27127108329134075,0.8110618440705333,1.6377535465693864,0.711864406779661,0.3784953450421868
VLO,0.28185548140802164,0.36981273737037706,0.8018570575878172,-0.401203800292158,0.13592569588154602,2.0651320172307024,0.7010317906717282,0.5932203389830508,0.5135029314615737
VMC,0.18446461977090722,0.2901850531714714,0.6639376728167316,-0.39032519908396296,0.08431232181952497,1.36660066192935,0.45153434482915483,0.5932203389830508,-0.07333130586517582
VRSK,0.18170957637006335,0.14837410641964333,1.0721229398364904,-0.13616465353586374,0.14177736958175036,0.3158090298614387,0.4714465568041151,0.6271186440677966,0.33614398919978844
VRSN,0.23380575555848937,0.2545914315871519,0.8837624648427049,-0.2986238288679513,0.13563626128887818,1.191045496746275,0.6691410026247125,0.6101694915254238,-0.5015624771083819
VRTX,0.26974901538316587,0.461669473988587,0.688526274777345,-0.4733878261055155,0.3166836583418866,0.4853196119032113,0.511406082090572,0.559322033898305,1.3045620567516543
VTR,0.021821431704843963,0.2293593150635267,0.13018246054389418,-0.39471322098857653,-0.011968543891476946,0.5137177060611007,-0.22617588267441296,0.5423728813559322,-1.2502876133035148
VTRS,0.18820599419076878,0.3063012271679781,0.6545342143594792,-0.445683602192172,0.09997848004558785,1.2852937329857144,0.442052015193283,0.576271186440678,-0.02480036963708491
VZ,0.10323282522197319,0.1489437052261882,0.6029591043127471,-0.12723176125579158,0.06600208454818146,0.3154067248671864,0.05004999749314287,0.5254237288135594,0.12358010696096443
WAB,0.21960930225703246,0.23071219230775547,0.8919244725776123,-0.2958652526856824,0.10020908905252024,1.3476109350281913,0.7160830173721846,0.6101694915254238,0.8663112148812444
WAT,0.12207661967346262,0.18964315022430664,0.5992968503897069,-0.24868095691930994,0.04788794800539642,0.8189485586352081,0.19443965668738195,0.5932203389830508,0.18791409274942403
WBD,0.061138192466805075,0.26823253486858345,0.2846043725383072,-0.43662120270275506,-0.04872978942153727,1.5474516199476769,-0.025014742806326436,0.5254237288135594,-0.4059789591233724
WDAY,0.1697326355261588,0.33653412531796667,0.5803608572530582,-0.37354437993608014,0.038901894216656796,1.530120676438943,0.3056461465881639,0.5789473684210527,-0.3284734118826949
WDC,0.1391472590877323,0.3554164752598929,0.48670972531838325,-0.4426555541418871,0.073936588835682,1.2439274134065752,0.28081679558235995,0.559322033898305,0.2983071499270275
WEC,0.15368225105608713,0.15959391542435733,0.8557002970519253,-0.1762578814609155,0.13548179037092312,0.10830872517974911,0.2893158732552477,0.6101694915254238,0.09967408966894041
WELL,0.12459780457017344,0.1912506191512339,0.6084284442098579,-0.2604074174735214,0.09032211348203445,0.36268697409270534,0.17336465933579523,0.6101694915254238,-0.05650767710355466
WFC,0.13980312388232852,0.13712549076439004,0.8834254927473991,-0.2442603876340238,0.05116042532612464,0.8723760182207024,0.42590266051285974,0.6440677966101694,-0.330278347458639
WM,0.11245448990460516,0.15417585429751424,0.6444622115558513,-0.1949347974529648,0.051007936069933146,0.6070887780260315,0.12335787932821089,0.6779661016949152,-0.9271526877015233
WMB,0.077066720083794,0.31997055233156174,0.33512094870984016,-0.5349943116915479,-0.009150878026688125,1.4275839372825248,0.09250270180765818,0.5932203389830508,-0.3356809118013252
WMT,0.045122467827309665,0.16607428950986697,0.22906355783115395,-0.32980539604122355,0.017513017905818273,0.2534368421992592,-0.23488673687259845,0.5423728813559322,0.3032779670522807
WRB,0.16572056403662527,0.15415461603500177,0.9477265560512377,-0.12016514803659979,0.0904894425719529,0.7254071766587558,0.4863742860050771,0.6440677966101694,0.5187910004189507
WSM,0.1512432264316741,0.26191121037939286,0.5925751152391987,-0.3067807984970778,0.06830916232955242,1.0906622856302328,0.3215144587271953,0.5932203389830508,0.4127388921204319
WST,0.2659476157909588,0.20672433829984896,1.1569770951809115,-0.2117190720876469,0.17960237240340038,0.8933977418896788,0.8811704998508705,0.6440677966101694,0.1960799011650659
WTW,0.08412505658652325,0.16582347376976572,0.45228938524210177,-0.16010375911933222,0.013225674434087953,0.7584872358118089,-0.045803642918559866,0.559322033898305,-0.23324645307533956
WY,0.08761299211579887,0.21148641099996177,0.4098606748554496,-0.35815413568629884,-0.016322850238094322,1.2645890616934619,0.03321555252792228,0.5084745762711864,0.031591419755130905
WYNN,-0.055231499984801924,0.3837223445271195,0.002009322224743658,-0.7706729850505905,-0.1434862561223973,1.896532146285433,-0.244523072547157,0.5423728813559322,-0.3949291797121769
XEL,0.13351229862964087,0.13525817909232338,0.8524530918717595,-0.12590671886845597,0.10926332895755486,0.13679835157785414,0.20096686700708616,0.6610169491525424,-0.3520308870194483
XOM,0.021102450256204497,0.14949011690653685,0.08159126884935311,-0.2398575795631302,-0.06144007144445096,0.9250664766405394,-0.6689812525602344,0.4915254237288136,0.16493230157816324
XYL,0.09501039461721184,0.2296798313149771,0.4204290319680636,-0.15649485367257412,-0.029889798856052474,1.2280234499088392,-0.034788228567918425,0.58,0.9687302658265133
YUM,0.11658277621873059,0.2044750516129099,0.5473883717251123,-0.20431961120413686,0.05600223296967499,0.7028035376211759,0.15949741076972335,0.5932203389830508,-0.2492469615182077
ZBH,0.12712201158711212,0.1874018619514168,0.6278119059637345,-0.2539845587948242,0.040495335270397614,0.9551351799093898,0.23963713398841638,0.559322033898305,0.3348200988808496
ZBRA,0.12577560357886353,0.27884873547142386,0.4955166307861425,-0.37280504626896177,0.019842412092307082,1.453232936362702,0.2489338848139042,0.6101694915254238,-0.04020620701121637
